{"xdata":[0,0.10101010101010101,0.20202020202020202,0.30303030303030304,0.40404040404040403,0.5050505050505051,0.6060606060606061,0.7070707070707071,0.8080808080808081,0.9090909090909091,1.0101010101010102,1.1111111111111112,1.2121212121212122,1.3131313131313131,1.4141414141414141,1.5151515151515151,1.6161616161616161,1.7171717171717171,1.8181818181818181,1.9191919191919191,2.0202020202020203,2.121212121212121,2.2222222222222223,2.323232323232323,2.4242424242424243,2.525252525252525,2.6262626262626263,2.727272727272727,2.8282828282828283,2.929292929292929,3.0303030303030303,3.131313131313131,3.2323232323232323,3.3333333333333335,3.4343434343434343,3.5353535353535355,3.6363636363636362,3.7373737373737375,3.8383838383838382,3.9393939393939394,4.040404040404041,4.141414141414141,4.242424242424242,4.343434343434343,4.444444444444445,4.545454545454545,4.646464646464646,4.747474747474747,4.848484848484849,4.94949494949495,5.05050505050505,5.151515151515151,5.252525252525253,5.353535353535354,5.454545454545454,5.555555555555555,5.656565656565657,5.757575757575758,5.858585858585858,5.959595959595959,6.0606060606060606,6.161616161616162,6.262626262626262,6.363636363636363,6.4646464646464645,6.565656565656566,6.666666666666667,6.767676767676767,6.8686868686868685,6.96969696969697,7.070707070707071,7.171717171717171,7.2727272727272725,7.373737373737374,7.474747474747475,7.575757575757575,7.6767676767676765,7.777777777777778,7.878787878787879,7.979797979797979,8.080808080808081,8.181818181818182,8.282828282828282,8.383838383838384,8.484848484848484,8.585858585858587,8.686868686868687,8.787878787878787,8.88888888888889,8.98989898989899,9.09090909090909,9.191919191919192,9.292929292929292,9.393939393939394,9.494949494949495,9.595959595959595,9.696969696969697,9.797979797979798,9.8989898989899,10],"ydata":[0.004441234747264443,0.028488701951267986,0.13593419873438722,0.31711346486068914,0.3491139885747179,0.44697752108375194,0.426974087662939,0.6605884027548927,0.6865054535286019,0.8400924793044938,0.766827059396754,0.8623627030639619,0.7557084610023456,0.9451109565031315,1.0323496821354916,0.9001635886933619,0.9960219405272857,1.0070737403240202,1.015462581424401,1.0096314600518215,1.0234450525270997,0.8370886927534901,0.7498186562227042,0.7356944160634236,0.6796118111636205,0.5668988021159151,0.40995539669946235,0.48603761327711337,0.35123460348186214,0.2683844702552862,0.08755879100448327,0.08466903263022504,-0.015998425645238387,-0.062492158008152665,-0.3969135452571581,-0.4430104401274115,-0.3274378521145387,-0.6230366671046594,-0.5629813696121964,-0.739850161081491,-0.8112320490705125,-0.8826249465693459,-0.80444874999308,-0.8065384939824133,-0.9126294776352676,-1.0634480936182658,-0.9597842821960363,-0.9727960370226221,-1.0546759978280043,-1.1457176827532545,-0.807442983892956,-0.6750485120656664,-0.8532527511848552,-0.9896397330080207,-0.7476280390377993,-0.5039939061215004,-0.538797898979561,-0.5246458873204816,-0.32985868717773587,-0.3670090999211306,-0.3279109741250764,-0.015534442495715436,0.030066282978649207,0.12207890769036919,0.3515099160641664,0.3362005280069135,0.5564667609898074,0.4796079180674355,0.4032254875508448,0.5816033166612404,0.7213491518951965,0.6624325762001236,0.934420043450209,0.8990583732380326,0.9187200156510912,1.076453088190213,0.9026950795523183,1.1320417323856562,1.0246403010917007,0.8965761064585883,1.004078960230377,0.8472970205063198,0.8532560566175325,0.6546227606736226,0.7817577446677992,0.7978109698468325,0.5840918554086669,0.7167338813136307,0.2969764522510818,0.3964816873109818,0.31876771260370035,-0.0007776747042779752,0.11859421709198814,0.2739449867865886,0.10326714408481408,-0.19187850988723826,-0.1340289888009312,-0.358284634697165,-0.41956018765043235,-0.4223478794632074],"timestamp":"1782009469","xlabel":"x","ylabel":"y","ymin":-1.2,"ymax":1.2,"icon":{"type":"icon","message":"dirt wizard","lat":40,"lon":-105,"brush_strokes":[[{"x":560,"y":641},{"x":560,"y":641},{"x":527,"y":644},{"x":509,"y":646},{"x":492,"y":649},{"x":481,"y":649},{"x":456,"y":653},{"x":440,"y":657},{"x":428,"y":660},{"x":415,"y":665},{"x":403,"y":668},{"x":397,"y":669},{"x":394,"y":669},{"x":391,"y":671}],[{"x":183,"y":570},{"x":204,"y":567},{"x":243,"y":563},{"x":278,"y":558},{"x":324,"y":548},{"x":364,"y":537},{"x":409,"y":520},{"x":455,"y":502},{"x":498,"y":487},{"x":535,"y":480},{"x":555,"y":472},{"x":590,"y":459},{"x":613,"y":448},{"x":632,"y":440},{"x":646,"y":432},{"x":667,"y":423},{"x":675,"y":420},{"x":683,"y":419},{"x":692,"y":417},{"x":701,"y":416},{"x":735,"y":411},{"x":753,"y":410},{"x":767,"y":410},{"x":784,"y":410},{"x":793,"y":410},{"x":798,"y":410},{"x":803,"y":410},{"x":804,"y":410},{"x":806,"y":410},{"x":807,"y":410}],[{"x":149,"y":448},{"x":166,"y":441},{"x":197,"y":422},{"x":223,"y":407},{"x":263,"y":386},{"x":296,"y":371},{"x":332,"y":357},{"x":391,"y":325},{"x":424,"y":312},{"x":475,"y":296},{"x":504,"y":290},{"x":570,"y":272},{"x":606,"y":262},{"x":667,"y":250},{"x":733,"y":240},{"x":758,"y":238},{"x":785,"y":232},{"x":801,"y":229},{"x":816,"y":225},{"x":822,"y":220},{"x":830,"y":217},{"x":836,"y":213},{"x":840,"y":210},{"x":850,"y":204},{"x":858,"y":200},{"x":868,"y":194},{"x":878,"y":189},{"x":880,"y":188},{"x":883,"y":186},{"x":884,"y":186},{"x":884,"y":188}]],"temperature":3.0843463154362523},"filename":"data/data-1782009469.json","plotname":"plots/plot-1782009469.png","origin":"icon.html"}