{"xdata":[0,0.10101010101010101,0.20202020202020202,0.30303030303030304,0.40404040404040403,0.5050505050505051,0.6060606060606061,0.7070707070707071,0.8080808080808081,0.9090909090909091,1.0101010101010102,1.1111111111111112,1.2121212121212122,1.3131313131313131,1.4141414141414141,1.5151515151515151,1.6161616161616161,1.7171717171717171,1.8181818181818181,1.9191919191919191,2.0202020202020203,2.121212121212121,2.2222222222222223,2.323232323232323,2.4242424242424243,2.525252525252525,2.6262626262626263,2.727272727272727,2.8282828282828283,2.929292929292929,3.0303030303030303,3.131313131313131,3.2323232323232323,3.3333333333333335,3.4343434343434343,3.5353535353535355,3.6363636363636362,3.7373737373737375,3.8383838383838382,3.9393939393939394,4.040404040404041,4.141414141414141,4.242424242424242,4.343434343434343,4.444444444444445,4.545454545454545,4.646464646464646,4.747474747474747,4.848484848484849,4.94949494949495,5.05050505050505,5.151515151515151,5.252525252525253,5.353535353535354,5.454545454545454,5.555555555555555,5.656565656565657,5.757575757575758,5.858585858585858,5.959595959595959,6.0606060606060606,6.161616161616162,6.262626262626262,6.363636363636363,6.4646464646464645,6.565656565656566,6.666666666666667,6.767676767676767,6.8686868686868685,6.96969696969697,7.070707070707071,7.171717171717171,7.2727272727272725,7.373737373737374,7.474747474747475,7.575757575757575,7.6767676767676765,7.777777777777778,7.878787878787879,7.979797979797979,8.080808080808081,8.181818181818182,8.282828282828282,8.383838383838384,8.484848484848484,8.585858585858587,8.686868686868687,8.787878787878787,8.88888888888889,8.98989898989899,9.09090909090909,9.191919191919192,9.292929292929292,9.393939393939394,9.494949494949495,9.595959595959595,9.696969696969697,9.797979797979798,9.8989898989899,10],"ydata":[0.1514607110401342,0.08736502950944548,0.04165307779222904,0.5788088446010042,0.316674327834656,0.47867996630275744,0.602624305898083,0.813728321568742,0.6577250312302194,0.8485885860456364,0.8720411337624109,0.9321366235298395,0.919822014811862,1.0532664821114626,0.9516696583527419,0.7415235947448136,1.1307880956672887,0.867323381798925,1.0576472619060877,0.8490365580458703,0.8632729657202565,0.7928869407058345,0.9548760870109433,0.6774565114063221,0.805884534876578,0.6665938550172403,0.3740639696082677,0.4866933732982796,0.3378970503071303,0.33809270585762596,0.22559542008533406,-0.05250212680416086,0.08901483921854698,0.028051784919901512,-0.21852953658351226,-0.31115628581756605,-0.46092121916338624,-0.5416926848018225,-0.4487242243551805,-0.5736496165898397,-0.8084344392512153,-0.8615691610888878,-1.0894231968048804,-1.0224357741721786,-1.036078625386288,-0.9212789058437186,-0.9620176453695967,-0.8793716941575689,-0.9378672870563952,-1.0556134259375587,-0.8656138953026815,-1.0339602072756224,-1.0372890865178104,-0.9932622162244484,-0.7196289235980188,-0.5993351182425709,-0.48775798525026115,-0.5023723783863064,-0.4491548706221158,-0.28441859302317396,-0.17043703212713968,-0.05682398336326526,0.0020723046834928045,0.2326770172699712,0.2008461264325675,0.47574395750718484,0.3778439099309854,0.4209013488223311,0.6465800602509648,0.5732476672413447,0.5884475180259778,0.7838538929024685,0.8482020404884534,0.8622277137745576,0.8442535896240151,0.9446056558497278,0.9585793278306131,1.0708820638887484,0.857360202046141,0.9271392478695192,0.9931992561173295,1.1576629557061668,0.8685421163503017,1.0132674210250294,0.6812797161752865,0.648562792719331,0.5495066492929095,0.6211628721673624,0.5951556775515306,0.482041002388391,0.452173390436589,0.33090512164954317,0.29870194415188367,0.15893574671929775,-0.1365572457980077,-0.06373590276833395,-0.24611739798687413,-0.3809658132077578,-0.35285010067553785,-0.49278069788710444],"timestamp":"1781929417","instrument_control":{"message":"new message","mouse_x":0.667,"mouse_y":0.732,"mouse_z":-89},"xlabel":"x","ylabel":"y","ymin":-1.2,"ymax":1.2,"filename":"data/data-1781929417.json","plotname":"plots/plot-1781929417.png","origin":"live-web-instrument.html"}