{"xdata":[0,0.10101010101010101,0.20202020202020202,0.30303030303030304,0.40404040404040403,0.5050505050505051,0.6060606060606061,0.7070707070707071,0.8080808080808081,0.9090909090909091,1.0101010101010102,1.1111111111111112,1.2121212121212122,1.3131313131313131,1.4141414141414141,1.5151515151515151,1.6161616161616161,1.7171717171717171,1.8181818181818181,1.9191919191919191,2.0202020202020203,2.121212121212121,2.2222222222222223,2.323232323232323,2.4242424242424243,2.525252525252525,2.6262626262626263,2.727272727272727,2.8282828282828283,2.929292929292929,3.0303030303030303,3.131313131313131,3.2323232323232323,3.3333333333333335,3.4343434343434343,3.5353535353535355,3.6363636363636362,3.7373737373737375,3.8383838383838382,3.9393939393939394,4.040404040404041,4.141414141414141,4.242424242424242,4.343434343434343,4.444444444444445,4.545454545454545,4.646464646464646,4.747474747474747,4.848484848484849,4.94949494949495,5.05050505050505,5.151515151515151,5.252525252525253,5.353535353535354,5.454545454545454,5.555555555555555,5.656565656565657,5.757575757575758,5.858585858585858,5.959595959595959,6.0606060606060606,6.161616161616162,6.262626262626262,6.363636363636363,6.4646464646464645,6.565656565656566,6.666666666666667,6.767676767676767,6.8686868686868685,6.96969696969697,7.070707070707071,7.171717171717171,7.2727272727272725,7.373737373737374,7.474747474747475,7.575757575757575,7.6767676767676765,7.777777777777778,7.878787878787879,7.979797979797979,8.080808080808081,8.181818181818182,8.282828282828282,8.383838383838384,8.484848484848484,8.585858585858587,8.686868686868687,8.787878787878787,8.88888888888889,8.98989898989899,9.09090909090909,9.191919191919192,9.292929292929292,9.393939393939394,9.494949494949495,9.595959595959595,9.696969696969697,9.797979797979798,9.8989898989899,10],"ydata":[0.14733847870474553,0.2928280506389726,0.22740547951855922,0.3764090731968693,0.411096511927921,0.6312670964523674,0.6901997103029982,0.7238781784587475,0.7284504666578738,0.8409721140691362,0.7155746700708298,0.8598130505902608,1.1126656686879732,1.0847788361705768,1.0858472167304907,1.181974973147038,1.0919296218540873,1.0774040173934694,0.8366141355524169,0.9046073592407525,0.8976471087307129,0.8341499223563076,0.9338468244952691,0.9011749861512974,0.772171443731992,0.4454602587007976,0.39677422764865244,0.4023802627238966,0.2768071877450052,0.2241140075359048,0.14838848416894165,-0.00522333723822649,0.03579979450951519,-0.052568043025523314,-0.3074787023122839,-0.30221169514395185,-0.498312554492778,-0.4304965380015871,-0.7580948420673734,-0.7855206604752409,-0.685422169126377,-0.7725884732025293,-1.0603764761017271,-0.9249633237606926,-1.0077523698114963,-1.0790021677074546,-0.9922812863581207,-1.0577978828395154,-0.9055132474262071,-1.0043093701384906,-0.9421259688291659,-0.9729066155943379,-0.8496314638187775,-0.9695845359692837,-0.6516604818470829,-0.5728472092571995,-0.6116976219026377,-0.4765264570082401,-0.5161249627127027,-0.4002961147211852,-0.24079608742429884,-0.013796698474508082,-0.08504868977869849,0.035275338586761316,0.01060592108814859,0.37467557939782165,0.2008254751098729,0.5538328723811218,0.6808682042343556,0.5564892766439344,0.7649422933297899,0.710278711557541,0.7696893413832788,0.7746623820992106,0.8944097105458577,0.9113327582082558,0.9406354007079506,0.9160550806119923,0.9786138315203654,0.9565512503520938,1.045353223342892,0.8387192775426724,0.96054764605953,0.7492985554475906,0.8232023496503335,0.7624260959726261,0.6425483542172248,0.6940645214215755,0.6088101646423204,0.4555469784701971,0.17164584574441025,0.24747401770267646,0.20000182341447043,-0.09477753949570808,-0.15193730018120524,-0.20296789809020216,-0.15989828591493271,-0.29654419045172303,-0.4842842403528943,-0.4216989875419014],"timestamp":"1781929250","instrument_control":{"message":"new message","mouse_x":0.608,"mouse_y":0.738,"mouse_z":-27},"xlabel":"x","ylabel":"y","ymin":-1.2,"ymax":1.2,"filename":"data/data-1781929250.json","plotname":"plots/plot-1781929250.png","origin":"live-web-instrument.html"}