{"xdata":[0,0.10101010101010101,0.20202020202020202,0.30303030303030304,0.40404040404040403,0.5050505050505051,0.6060606060606061,0.7070707070707071,0.8080808080808081,0.9090909090909091,1.0101010101010102,1.1111111111111112,1.2121212121212122,1.3131313131313131,1.4141414141414141,1.5151515151515151,1.6161616161616161,1.7171717171717171,1.8181818181818181,1.9191919191919191,2.0202020202020203,2.121212121212121,2.2222222222222223,2.323232323232323,2.4242424242424243,2.525252525252525,2.6262626262626263,2.727272727272727,2.8282828282828283,2.929292929292929,3.0303030303030303,3.131313131313131,3.2323232323232323,3.3333333333333335,3.4343434343434343,3.5353535353535355,3.6363636363636362,3.7373737373737375,3.8383838383838382,3.9393939393939394,4.040404040404041,4.141414141414141,4.242424242424242,4.343434343434343,4.444444444444445,4.545454545454545,4.646464646464646,4.747474747474747,4.848484848484849,4.94949494949495,5.05050505050505,5.151515151515151,5.252525252525253,5.353535353535354,5.454545454545454,5.555555555555555,5.656565656565657,5.757575757575758,5.858585858585858,5.959595959595959,6.0606060606060606,6.161616161616162,6.262626262626262,6.363636363636363,6.4646464646464645,6.565656565656566,6.666666666666667,6.767676767676767,6.8686868686868685,6.96969696969697,7.070707070707071,7.171717171717171,7.2727272727272725,7.373737373737374,7.474747474747475,7.575757575757575,7.6767676767676765,7.777777777777778,7.878787878787879,7.979797979797979,8.080808080808081,8.181818181818182,8.282828282828282,8.383838383838384,8.484848484848484,8.585858585858587,8.686868686868687,8.787878787878787,8.88888888888889,8.98989898989899,9.09090909090909,9.191919191919192,9.292929292929292,9.393939393939394,9.494949494949495,9.595959595959595,9.696969696969697,9.797979797979798,9.8989898989899,10],"ydata":[0.006473808402840533,0.2761538660959242,0.26483321260937376,0.16549301400809105,0.394176053065199,0.48046556103096555,0.3272127978447842,0.609406280268554,0.7291571711247413,0.5857997178594472,0.8691152580137116,0.7266174134467285,0.9327810126893017,0.9022255999351435,0.9586149035050185,1.009365719392017,1.125236286920063,1.0132664127569844,1.017671827382334,0.9561830576305659,0.871235180311302,0.7106059574479786,0.8090495895443002,0.7993442605464678,0.5783994460400587,0.6444235697174671,0.48909208841360896,0.48774530826558266,0.3252619103957654,0.14493281846730027,0.08699827621497593,0.03670170987623372,-0.07095094311470054,-0.18973665895661443,-0.3167881466646579,-0.4616687117384945,-0.5419215002508034,-0.5736992120709605,-0.7083937090328436,-0.5731046012398413,-0.7568634153012089,-0.7344171574257924,-1.0025130139531635,-1.1280263196585545,-1.037299251519706,-1.1739896339189118,-0.922811544795301,-1.025082854527043,-0.9770790814042769,-0.6898307612182086,-0.8791387199172715,-0.9861049767039026,-0.9582471272359562,-0.9399352769547975,-0.7408402171280328,-0.5872804504747134,-0.5797002951809784,-0.5705884614550222,-0.27015430174057753,-0.5328694121003924,-0.034373020361079476,-0.17016660853067525,0.021498716213547656,0.061251886247460724,0.2082720132817482,0.4159956478157669,0.37193893317749843,0.35761298256713553,0.6195071895664768,0.6618363795226531,0.6804825058303122,0.44534710427982427,0.6812122236892616,0.7731665650857299,0.8962520473732218,0.8149625052807227,1.0689902165731873,1.1395944505508364,1.037541387558859,0.9758022313953969,0.984153656866869,0.9118573638205641,0.9800950355796565,0.8717835656249893,0.7939711284371722,0.6218923764973426,0.5495793561632747,0.6101779289852137,0.5041242059850326,0.318965616776741,0.23809420535263998,0.1317370790596441,0.0737459888411029,-0.03583394205520389,0.005206021665389096,-0.19102997118709067,-0.2602108282260765,-0.3284957823301754,-0.4322529046480969,-0.6715106063213016],"timestamp":"1781929202","instrument_control":{"message":"message here","mouse_x":0,"mouse_y":0,"mouse_z":0},"xlabel":"x","ylabel":"y","ymin":-1.2,"ymax":1.2,"filename":"data/data-1781929202.json","plotname":"plots/plot-1781929202.png","origin":"live-web-instrument.html"}