{"xdata":[0,0.10101010101010101,0.20202020202020202,0.30303030303030304,0.40404040404040403,0.5050505050505051,0.6060606060606061,0.7070707070707071,0.8080808080808081,0.9090909090909091,1.0101010101010102,1.1111111111111112,1.2121212121212122,1.3131313131313131,1.4141414141414141,1.5151515151515151,1.6161616161616161,1.7171717171717171,1.8181818181818181,1.9191919191919191,2.0202020202020203,2.121212121212121,2.2222222222222223,2.323232323232323,2.4242424242424243,2.525252525252525,2.6262626262626263,2.727272727272727,2.8282828282828283,2.929292929292929,3.0303030303030303,3.131313131313131,3.2323232323232323,3.3333333333333335,3.4343434343434343,3.5353535353535355,3.6363636363636362,3.7373737373737375,3.8383838383838382,3.9393939393939394,4.040404040404041,4.141414141414141,4.242424242424242,4.343434343434343,4.444444444444445,4.545454545454545,4.646464646464646,4.747474747474747,4.848484848484849,4.94949494949495,5.05050505050505,5.151515151515151,5.252525252525253,5.353535353535354,5.454545454545454,5.555555555555555,5.656565656565657,5.757575757575758,5.858585858585858,5.959595959595959,6.0606060606060606,6.161616161616162,6.262626262626262,6.363636363636363,6.4646464646464645,6.565656565656566,6.666666666666667,6.767676767676767,6.8686868686868685,6.96969696969697,7.070707070707071,7.171717171717171,7.2727272727272725,7.373737373737374,7.474747474747475,7.575757575757575,7.6767676767676765,7.777777777777778,7.878787878787879,7.979797979797979,8.080808080808081,8.181818181818182,8.282828282828282,8.383838383838384,8.484848484848484,8.585858585858587,8.686868686868687,8.787878787878787,8.88888888888889,8.98989898989899,9.09090909090909,9.191919191919192,9.292929292929292,9.393939393939394,9.494949494949495,9.595959595959595,9.696969696969697,9.797979797979798,9.8989898989899,10],"ydata":[-0.19187283220395665,0.022689120959226816,0.1484165110839087,0.12789977354844123,0.32407816706942666,0.614674099953254,0.5891814694548295,0.6076963517152589,0.7544447810787464,0.8963401186314949,0.6543780832593195,1.0747262610409556,0.9749004308092888,0.9727276012679044,1.0523502202899953,0.9893427703792387,0.9037875273376942,1.1365372779145637,0.8657332318219484,1.126782560944439,0.8581353064716714,0.868557372068373,0.781285363463003,0.7613653616199572,0.818018298870437,0.6979760380049922,0.504038926599951,0.6059726441029352,0.2361780263062891,0.052248352472869436,0.17024366693997808,-0.08330760252118855,-0.08397200501445803,-0.25199902085696,-0.29676680716393294,-0.5033348365657397,-0.5938715486174139,-0.5055196778894473,-0.5681612496853189,-0.5254869630563231,-0.7274373817884074,-0.8885990731820503,-0.8727963601982288,-0.7554012989617169,-0.9568934293160385,-1.0287550499433704,-1.1432808588292391,-1.0446116188644012,-1.0082531598599362,-0.932760190112559,-1.0262366708151431,-0.934099009784988,-0.9770419129694079,-0.7814127261890703,-0.6926580360254095,-0.5707987915043119,-0.6273076509573042,-0.5420554489019538,-0.26749440176121575,-0.5032909214985029,-0.31674079431428964,-0.15134050528892187,-0.002494768577841956,0.1911837596598649,0.25207758432789745,0.25814919674461895,0.2454738936328752,0.34545444573494916,0.7125948015593535,0.7483333432581414,0.7729472982881836,0.7266807013516509,0.7883431792695184,1.0335425621932666,0.7560481484885998,0.9833196106097452,0.8529057963749387,1.084325290237982,1.0456804826232509,1.023732565512164,0.8984924234714767,1.2307404604582135,0.941066182440028,0.8961770841406336,0.7542396424344727,0.74158274611538,0.5768615896059841,0.6372984761243004,0.5720277177690195,0.5234897463947499,0.18473043985406898,0.07134411276793012,0.22392347577771707,0.011336612813447288,-0.0005203594730681244,-0.2613102712044641,-0.29157771943394156,-0.3048997699726962,-0.45651328401957497,-0.6152334569571072],"timestamp":"1782000884","xlabel":"x","ylabel":"y","ymin":-1.2,"ymax":1.2,"icon":{"type":"icon","message":"dirt wizard","lat":40,"lon":-105,"brush_strokes":[[{"x":426,"y":766},{"x":426,"y":766},{"x":404,"y":767},{"x":394,"y":766},{"x":369,"y":761},{"x":342,"y":755},{"x":329,"y":751},{"x":299,"y":739},{"x":271,"y":724},{"x":256,"y":717},{"x":229,"y":696},{"x":204,"y":671},{"x":194,"y":657},{"x":173,"y":625},{"x":164,"y":606},{"x":151,"y":563},{"x":142,"y":517},{"x":138,"y":494},{"x":135,"y":447},{"x":135,"y":401},{"x":139,"y":354},{"x":142,"y":330},{"x":155,"y":285},{"x":173,"y":244},{"x":183,"y":225},{"x":212,"y":189},{"x":228,"y":174},{"x":263,"y":148},{"x":305,"y":128},{"x":327,"y":121},{"x":375,"y":111},{"x":424,"y":111},{"x":449,"y":112},{"x":501,"y":121},{"x":552,"y":139},{"x":603,"y":164},{"x":627,"y":179},{"x":671,"y":214},{"x":710,"y":254},{"x":727,"y":275},{"x":760,"y":320},{"x":788,"y":365},{"x":798,"y":389},{"x":815,"y":434},{"x":821,"y":480},{"x":821,"y":502},{"x":815,"y":546},{"x":798,"y":589},{"x":788,"y":610},{"x":760,"y":651},{"x":726,"y":689},{"x":708,"y":706},{"x":667,"y":740},{"x":621,"y":772},{"x":595,"y":785},{"x":547,"y":810},{"x":520,"y":819},{"x":467,"y":826},{"x":413,"y":825},{"x":388,"y":822},{"x":336,"y":807},{"x":287,"y":783},{"x":263,"y":767},{"x":218,"y":730},{"x":175,"y":683},{"x":155,"y":656},{"x":124,"y":603},{"x":100,"y":543},{"x":92,"y":481},{"x":92,"y":448},{"x":103,"y":380},{"x":130,"y":312},{"x":148,"y":281},{"x":191,"y":220},{"x":247,"y":173},{"x":278,"y":152},{"x":342,"y":121},{"x":409,"y":106},{"x":443,"y":102},{"x":512,"y":106},{"x":582,"y":124},{"x":615,"y":139},{"x":677,"y":183},{"x":732,"y":241},{"x":754,"y":275},{"x":791,"y":351},{"x":813,"y":431},{"x":818,"y":469},{"x":816,"y":548},{"x":797,"y":623},{"x":784,"y":657},{"x":742,"y":721},{"x":689,"y":776},{"x":656,"y":798},{"x":588,"y":834},{"x":518,"y":855},{"x":484,"y":857},{"x":413,"y":853},{"x":348,"y":829},{"x":318,"y":812},{"x":265,"y":763},{"x":223,"y":697},{"x":206,"y":660},{"x":182,"y":576},{"x":172,"y":481},{"x":172,"y":432},{"x":189,"y":337},{"x":225,"y":253},{"x":247,"y":217},{"x":301,"y":157},{"x":364,"y":114},{"x":400,"y":97},{"x":475,"y":79},{"x":552,"y":84},{"x":590,"y":93},{"x":661,"y":127},{"x":727,"y":176},{"x":757,"y":205},{"x":807,"y":277},{"x":838,"y":357},{"x":846,"y":398},{"x":844,"y":483},{"x":822,"y":564},{"x":804,"y":601},{"x":758,"y":669},{"x":702,"y":724},{"x":670,"y":748},{"x":604,"y":783},{"x":542,"y":804},{"x":511,"y":809},{"x":455,"y":810},{"x":404,"y":798},{"x":385,"y":791},{"x":355,"y":773},{"x":333,"y":749},{"x":326,"y":733}],[{"x":389,"y":569},{"x":373,"y":566},{"x":355,"y":557},{"x":336,"y":540},{"x":330,"y":530},{"x":320,"y":506},{"x":315,"y":481},{"x":317,"y":468},{"x":321,"y":441},{"x":327,"y":429},{"x":345,"y":406},{"x":372,"y":389},{"x":404,"y":379},{"x":421,"y":376},{"x":458,"y":382},{"x":496,"y":395},{"x":515,"y":407},{"x":547,"y":435},{"x":566,"y":471},{"x":570,"y":490},{"x":567,"y":527},{"x":548,"y":561},{"x":535,"y":573},{"x":501,"y":595},{"x":459,"y":607},{"x":437,"y":609},{"x":395,"y":604},{"x":358,"y":586},{"x":342,"y":573},{"x":318,"y":540},{"x":306,"y":500},{"x":305,"y":480},{"x":312,"y":438},{"x":333,"y":401},{"x":349,"y":385},{"x":389,"y":360},{"x":437,"y":348},{"x":462,"y":348},{"x":512,"y":357},{"x":552,"y":382},{"x":567,"y":400},{"x":582,"y":443},{"x":576,"y":491},{"x":569,"y":517},{"x":539,"y":564},{"x":499,"y":603},{"x":475,"y":616},{"x":429,"y":631},{"x":385,"y":625},{"x":366,"y":616},{"x":336,"y":588},{"x":317,"y":546},{"x":314,"y":523},{"x":314,"y":474},{"x":327,"y":425},{"x":341,"y":404},{"x":375,"y":370},{"x":419,"y":354},{"x":444,"y":354},{"x":493,"y":364},{"x":533,"y":395},{"x":549,"y":414},{"x":569,"y":466}],[{"x":142,"y":856},{"x":140,"y":841},{"x":139,"y":840},{"x":138,"y":838},{"x":133,"y":835},{"x":130,"y":834},{"x":124,"y":831},{"x":117,"y":829},{"x":114,"y":828},{"x":108,"y":828},{"x":103,"y":828},{"x":102,"y":828},{"x":98,"y":831},{"x":93,"y":834},{"x":92,"y":837},{"x":89,"y":841},{"x":86,"y":846},{"x":84,"y":850},{"x":81,"y":857},{"x":78,"y":865},{"x":78,"y":869},{"x":77,"y":877},{"x":77,"y":886},{"x":78,"y":890},{"x":80,"y":897},{"x":83,"y":905},{"x":84,"y":908},{"x":89,