{"xdata":[0,0.10101010101010101,0.20202020202020202,0.30303030303030304,0.40404040404040403,0.5050505050505051,0.6060606060606061,0.7070707070707071,0.8080808080808081,0.9090909090909091,1.0101010101010102,1.1111111111111112,1.2121212121212122,1.3131313131313131,1.4141414141414141,1.5151515151515151,1.6161616161616161,1.7171717171717171,1.8181818181818181,1.9191919191919191,2.0202020202020203,2.121212121212121,2.2222222222222223,2.323232323232323,2.4242424242424243,2.525252525252525,2.6262626262626263,2.727272727272727,2.8282828282828283,2.929292929292929,3.0303030303030303,3.131313131313131,3.2323232323232323,3.3333333333333335,3.4343434343434343,3.5353535353535355,3.6363636363636362,3.7373737373737375,3.8383838383838382,3.9393939393939394,4.040404040404041,4.141414141414141,4.242424242424242,4.343434343434343,4.444444444444445,4.545454545454545,4.646464646464646,4.747474747474747,4.848484848484849,4.94949494949495,5.05050505050505,5.151515151515151,5.252525252525253,5.353535353535354,5.454545454545454,5.555555555555555,5.656565656565657,5.757575757575758,5.858585858585858,5.959595959595959,6.0606060606060606,6.161616161616162,6.262626262626262,6.363636363636363,6.4646464646464645,6.565656565656566,6.666666666666667,6.767676767676767,6.8686868686868685,6.96969696969697,7.070707070707071,7.171717171717171,7.2727272727272725,7.373737373737374,7.474747474747475,7.575757575757575,7.6767676767676765,7.777777777777778,7.878787878787879,7.979797979797979,8.080808080808081,8.181818181818182,8.282828282828282,8.383838383838384,8.484848484848484,8.585858585858587,8.686868686868687,8.787878787878787,8.88888888888889,8.98989898989899,9.09090909090909,9.191919191919192,9.292929292929292,9.393939393939394,9.494949494949495,9.595959595959595,9.696969696969697,9.797979797979798,9.8989898989899,10],"ydata":[-0.09556309655171782,0.029877599952868122,0.25469224499325027,0.4392566012858232,0.32154689378860024,0.4817867909912399,0.7401004856825927,0.6308284778248757,0.7135101355283915,0.9264703752839725,0.8066199874727957,1.0749570905086328,0.7854763633055619,0.7362369849735053,1.1873933464663158,0.7901143949179887,1.0617033958563658,1.1038827190285414,1.1045554952756045,0.9049985186368915,1.1939544252581284,0.8594967227277021,0.9012113872626336,0.4539994951485831,0.655382050231121,0.5771210009269485,0.39429048794345906,0.37286297592872963,0.49787814719511425,0.12747567958449568,0.2768970769545315,0.1673998735342523,-0.25070393479434905,-0.26557969045310986,-0.22766773970137355,-0.4014850893413615,-0.5178661555055935,-0.7114123195810416,-0.6536521691466429,-0.6601865936007347,-0.7354461165889951,-0.6358287010711032,-0.9330936166526661,-1.0883953118439307,-0.963158834548797,-1.0025596228766747,-0.8910958006062946,-0.972336484110547,-1.0554314654897679,-1.0970879621155947,-0.8886104783424816,-0.8248401739411938,-0.7469051547744762,-0.8547909205914079,-0.9902976260598289,-0.8054341566287425,-0.5264678293351155,-0.17334911727650376,-0.4302476537794324,-0.3193284590838511,-0.05703966838711974,-0.1506155076554634,0.021226529000291827,0.0035049189123881608,0.235463882062377,0.3963853354843552,0.42214500734063015,0.5231957779024543,0.6138410024010911,0.7536958028581155,0.549811443546068,0.8230738981415001,0.8503606754074559,0.808944852065988,0.959895621167715,1.137526569386682,0.9954918330395016,1.135297520920386,1.0439714407776182,1.0017802866545813,0.8112110515417313,0.9958977613058427,1.0376779541462697,0.8786614378635176,0.9046399060465963,0.7530447257256474,0.7549797022041979,0.48222615570521954,0.5069349300949915,0.36985951722019234,0.03873373582407502,0.29730828864840764,-0.025854598048317634,0.1320863194359903,-0.06945504427588373,-0.2713069871064977,-0.4998853972593078,-0.3625098821623939,-0.3829757517193115,-0.5101608774048859],"timestamp":"1781929230","instrument_control":{"message":"message here","mouse_x":0.608,"mouse_y":0.738,"mouse_z":-27},"xlabel":"x","ylabel":"y","ymin":-1.2,"ymax":1.2,"filename":"data/data-1781929230.json","plotname":"plots/plot-1781929230.png","origin":"live-web-instrument.html"}