{"xdata":[0,0.10101010101010101,0.20202020202020202,0.30303030303030304,0.40404040404040403,0.5050505050505051,0.6060606060606061,0.7070707070707071,0.8080808080808081,0.9090909090909091,1.0101010101010102,1.1111111111111112,1.2121212121212122,1.3131313131313131,1.4141414141414141,1.5151515151515151,1.6161616161616161,1.7171717171717171,1.8181818181818181,1.9191919191919191,2.0202020202020203,2.121212121212121,2.2222222222222223,2.323232323232323,2.4242424242424243,2.525252525252525,2.6262626262626263,2.727272727272727,2.8282828282828283,2.929292929292929,3.0303030303030303,3.131313131313131,3.2323232323232323,3.3333333333333335,3.4343434343434343,3.5353535353535355,3.6363636363636362,3.7373737373737375,3.8383838383838382,3.9393939393939394,4.040404040404041,4.141414141414141,4.242424242424242,4.343434343434343,4.444444444444445,4.545454545454545,4.646464646464646,4.747474747474747,4.848484848484849,4.94949494949495,5.05050505050505,5.151515151515151,5.252525252525253,5.353535353535354,5.454545454545454,5.555555555555555,5.656565656565657,5.757575757575758,5.858585858585858,5.959595959595959,6.0606060606060606,6.161616161616162,6.262626262626262,6.363636363636363,6.4646464646464645,6.565656565656566,6.666666666666667,6.767676767676767,6.8686868686868685,6.96969696969697,7.070707070707071,7.171717171717171,7.2727272727272725,7.373737373737374,7.474747474747475,7.575757575757575,7.6767676767676765,7.777777777777778,7.878787878787879,7.979797979797979,8.080808080808081,8.181818181818182,8.282828282828282,8.383838383838384,8.484848484848484,8.585858585858587,8.686868686868687,8.787878787878787,8.88888888888889,8.98989898989899,9.09090909090909,9.191919191919192,9.292929292929292,9.393939393939394,9.494949494949495,9.595959595959595,9.696969696969697,9.797979797979798,9.8989898989899,10],"ydata":[0.12084156778611417,0.21065126204284315,0.05553259022519813,0.31517425537365296,0.39078455821829056,0.5164091854083697,0.6717672026871085,0.7253388527347556,0.6236274338621046,0.8417034681681526,0.8136003728045162,0.9038898885034584,0.9541414804131387,0.9132992698996297,0.8299723393533879,1.1254477775593799,0.8212964935070053,1.14018968102412,0.925814103220408,0.9591240967520046,0.8210932102141835,0.8226272937440231,0.7475868267530595,0.6862667914125337,0.8969651185289906,0.7291668853456056,0.5557195540249141,0.6033139235140481,0.3822122950496061,0.21588171083531724,0.158475012038914,0.0667541394961895,-0.005901479949031771,-0.2961918749342049,-0.24103777890704864,-0.38553921900709837,-0.448015549126276,-0.6063651523659456,-0.6250858367359005,-0.640508660682082,-0.856039596241,-0.8365908066844484,-0.9707762837062733,-0.8458391384722574,-0.8705420616862447,-0.9491789202798816,-1.0047898819594576,-0.9606076831544856,-1.0591922748220963,-0.8091044571970589,-0.9840770267833763,-1.0155135440311034,-0.6490601202871005,-0.6965017261318144,-0.9210646081118207,-0.6683704652655971,-0.629090926510523,-0.510189746888598,-0.39331408577882365,-0.09331207890318197,-0.17738516882055483,0.005185419600928373,-0.17901343314024906,0.07042304847730313,0.12768118201616097,0.2847540984587582,0.23249873969260973,0.6085810644631844,0.7699756616605946,0.5226087801798619,0.5886438149859188,0.7400166658665985,0.8105798971187885,0.6985255873212046,0.8881387546290009,1.0515450243804407,1.2017616730775322,1.2160600113319648,1.0598699236732996,1.1786197126927245,1.1521043297394773,0.9879830791658815,0.9220187338447847,0.8141296224434382,0.685434455795862,0.7757113585314434,0.48244058372169196,0.5815724861320729,0.47011360164610516,0.3580704345415221,0.37687700172504957,0.2922027932061725,0.15921462744006548,0.19063986975454628,-0.2481701328263819,-0.07860830596757515,-0.16033933959331748,-0.20413436771139568,-0.3723480665511185,-0.7850852975425785],"timestamp":"1782063360","xlabel":"x","ylabel":"y","ymin":-1.2,"ymax":1.2,"text":{"type":"text","message":"keyboard data","lat":40,"lon":-105,"text":"ddddooodd ddde sdf sdfDIRT"},"filename":"data/data-1782063360.json","plotname":"plots/plot-1782063360.png","origin":"text.html"}