{"xdata":[0,0.10101010101010101,0.20202020202020202,0.30303030303030304,0.40404040404040403,0.5050505050505051,0.6060606060606061,0.7070707070707071,0.8080808080808081,0.9090909090909091,1.0101010101010102,1.1111111111111112,1.2121212121212122,1.3131313131313131,1.4141414141414141,1.5151515151515151,1.6161616161616161,1.7171717171717171,1.8181818181818181,1.9191919191919191,2.0202020202020203,2.121212121212121,2.2222222222222223,2.323232323232323,2.4242424242424243,2.525252525252525,2.6262626262626263,2.727272727272727,2.8282828282828283,2.929292929292929,3.0303030303030303,3.131313131313131,3.2323232323232323,3.3333333333333335,3.4343434343434343,3.5353535353535355,3.6363636363636362,3.7373737373737375,3.8383838383838382,3.9393939393939394,4.040404040404041,4.141414141414141,4.242424242424242,4.343434343434343,4.444444444444445,4.545454545454545,4.646464646464646,4.747474747474747,4.848484848484849,4.94949494949495,5.05050505050505,5.151515151515151,5.252525252525253,5.353535353535354,5.454545454545454,5.555555555555555,5.656565656565657,5.757575757575758,5.858585858585858,5.959595959595959,6.0606060606060606,6.161616161616162,6.262626262626262,6.363636363636363,6.4646464646464645,6.565656565656566,6.666666666666667,6.767676767676767,6.8686868686868685,6.96969696969697,7.070707070707071,7.171717171717171,7.2727272727272725,7.373737373737374,7.474747474747475,7.575757575757575,7.6767676767676765,7.777777777777778,7.878787878787879,7.979797979797979,8.080808080808081,8.181818181818182,8.282828282828282,8.383838383838384,8.484848484848484,8.585858585858587,8.686868686868687,8.787878787878787,8.88888888888889,8.98989898989899,9.09090909090909,9.191919191919192,9.292929292929292,9.393939393939394,9.494949494949495,9.595959595959595,9.696969696969697,9.797979797979798,9.8989898989899,10],"ydata":[0.16605095703097508,0.12265322656715737,0.21741981090761278,0.3046289783842222,0.12684489327397414,0.5411760238520835,0.5862028569795195,0.7797915197305041,0.7044514340912784,0.7709864813714066,0.828546137096288,1.0367599184110594,1.0699066775639736,0.9843462491576085,1.0800514076211418,0.9926633629337791,0.9649743359079176,0.9255356210700416,0.9587550797111434,0.9730615889156708,0.8650336158451603,0.6641169426001707,0.9070678904608322,0.8020661826034989,0.6191278185161821,0.5891874862256935,0.36404478962758546,0.45551981348711723,0.23465226155396135,0.32939196970049933,-0.04245016604618056,0.15518050771795325,-0.010947136934483043,-0.24852027416693795,-0.5006074507132993,-0.42765505176650837,-0.5029616839473495,-0.6779293817196519,-0.7106656457891554,-0.7961689619122344,-0.7477297445953286,-0.7265387561318353,-0.9952792900844027,-0.8329698976636561,-1.121695770869156,-1.090229758378565,-1.1037893238680498,-0.7943266168188855,-0.960027737744826,-1.0039824455771242,-0.8591181764046576,-0.9086521155656955,-0.8103441281610757,-0.8879058704227213,-0.7723949411765719,-0.8331568343122602,-0.5640689578707436,-0.5680631300726804,-0.32690859472350736,-0.320930110574748,-0.36437649932860455,-0.09508131759603426,-0.1877972040328268,0.02941138376614106,0.1942258876259773,0.09631179953135527,0.4976265887350796,0.37168094813712,0.5499186144703048,0.6977449338462228,0.6372391394866072,0.6493062409693329,0.7221197719395267,0.8585762178571572,0.866990325488231,0.8693874549690687,1.0075934860043199,0.7078858439653295,0.9883257049488308,1.1211694945917026,0.8104032032738446,0.8005999871887847,0.956496918724548,0.9277632490796102,0.892631621150575,0.7952655679648499,0.5818667048599828,0.6440402617729194,0.6298637329619965,0.17451460961863594,0.324484734688731,0.20869218933227032,0.20270242136570682,0.020409920338814152,0.007603814367439343,-0.3632837432439854,-0.10004661480906818,-0.3556729323794025,-0.6842863079986286,-0.5051790375846816],"timestamp":"1782009608","xlabel":"x","ylabel":"y","ymin":-1.2,"ymax":1.2,"icon":{"type":"icon","message":"dirt wizard","lat":40,"lon":-105,"brush_strokes":[[{"x":363,"y":245},{"x":355,"y":274},{"x":354,"y":285},{"x":354,"y":315},{"x":355,"y":333},{"x":357,"y":374},{"x":360,"y":420},{"x":361,"y":447},{"x":363,"y":494},{"x":364,"y":560},{"x":364,"y":579},{"x":364,"y":626},{"x":363,"y":640},{"x":363,"y":662},{"x":361,"y":678},{"x":360,"y":687},{"x":360,"y":699},{"x":358,"y":709},{"x":358,"y":715},{"x":358,"y":723},{"x":357,"y":729},{"x":357,"y":732},{"x":355,"y":736},{"x":355,"y":739},{"x":355,"y":740},{"x":355,"y":742},{"x":355,"y":743},{"x":357,"y":743},{"x":358,"y":746},{"x":361,"y":746},{"x":366,"y":748},{"x":375,"y":751},{"x":391,"y":752},{"x":400,"y":752},{"x":422,"y":755},{"x":452,"y":757},{"x":468,"y":757},{"x":504,"y":755},{"x":521,"y":754},{"x":558,"y":751},{"x":595,"y":749},{"x":613,"y":748},{"x":644,"y":748},{"x":667,"y":748},{"x":675,"y":748},{"x":686,"y":748},{"x":687,"y":748},{"x":687,"y":749},{"x":683,"y":749},{"x":678,"y":748},{"x":677,"y":746},{"x":674,"y":743},{"x":671,"y":736},{"x":671,"y":730},{"x":671,"y":718},{"x":674,"y":700},{"x":674,"y":690},{"x":675,"y":666},{"x":677,"y":637},{"x":677,"y":622},{"x":675,"y":583},{"x":674,"y":543},{"x":672,"y":523},{"x":668,"y":480},{"x":665,"y":438},{"x":664,"y":416},{"x":662,"y":395},{"x":664,"y":355},{"x":668,"y":318},{"x":672,"y":287},{"x":675,"y":263},{"x":677,"y":253},{"x":680,"y":238},{"x":681,"y":229},{"x":681,"y":228},{"x":681,"y":223},{"x":680,"y":225},{"x":680,"y":226},{"x":680,"y":229},{"x":680,"y":231},{"x":680,"y":232}],[{"x":280,"y":142},{"x":278,"y":161},{"x":284,"y":177},{"x":286,"y":185},{"x":290,"y":204},{"x":293,"y":220},{"x":295,"y":228},{"x":296,"y":241},{"x":296,"y":248},{"x":298,"y":251},{"x":299,"y":253},{"x":305,"y":250},{"x":309,"y":248},{"x":321,"y":244},{"x":335,"y":238},{"x":354,"y":234},{"x":364,"y":232},{"x":389,"y":228},{"x":403,"y":226},{"x":434,"y":222},{"x":467,"y":220},{"x":484,"y":219},{"x":521,"y":217},{"x":558,"y":216},{"x":578,"y":216},{"x":615,"y":216},{"x":649,"y":216},{"x":664,"y":216},{"x":692,"y":217},{"x":714,"y":219},{"x":721,"y":219},{"x":735,"y":220},{"x":742,"y":223},{"x":745,"y":223},{"x":747,"y":223},{"x":747,"y":222},{"x":745,"y":219},{"x":742,"y":216},{"x":742,"y":211},{"x":742,"y":202},{"x":742,"y":191},{"x":744,"y":186},{"x":745,"y":176},{"x":747,"y":165},{"x":748,"y":160},{"x":748,"y":152},{"x":750,"y":148},{"x":750,"y":145},{"x":750,"y":140},{"x":750,"y":136},{"x":751,"y":134},{"x":753,"y":133},{"x":754,"y":131},{"x":755,"y":130},{"x":751,"y":130},{"x":744,"y":130},{"x":730,"y":130},{"x":721,"y":131},{"x":696,"y":133},{"x":665,"y":134},{"x":646,"y":137},{"x":604,"y":142},{"x":560,"y":146},{"x":536,"y":148},{"x":492,"y":151},{"x":449,"y":151},{"x":429,"y":151},{"x":392,"y":151},{"x":361,"y":151},{"x":348,"y":151},{"x":324,"y":151},{"x":315,"y":152},{"x":301,"y":154},{"x":290,"y":155},{"x":287,"y":155},{"x":286,"y":155},{"x":289,"y":158}],[{"x":431,"y":134},{"x":421,"y":124},{"x":421,"y":114},{"x":421,"y":99},{"x":421,"y":91},{"x":422,"y":78},{"x":424,"y":71},{"x":426,"y":62},{"x":431,"y":56},{"x":434,"y":56},{"x":446,"y":56},{"x":461,"y":57},{"x":469,"y":59},{"x":490,"y":60},{"x":514,"y":63},{"x":526,"y":63},{"x":549,"y":65},{"x":572,"y":65},{"x":581,"y":65},{"x":598,"y":63},{"x":609,"y":63},{"x":612,"y":65},{"x":615,"y":68},{"x":613,"y":74},{"x":610,"y":78},{"x":606,"y":88},{"x":601,"y":102},{"x":598,"y":111},{"x":597,"y":125},{"x":597,"y":142}],[{"x":458,"y":345},{"x":453,"y":370},{"x":452,"y":383},{"x":452,"y":414},{"x":452,"y":451},{"x":452,"y":471},{"x":453,"y":512},{"x":453,"y":531},{"x":455,"y":566},{"x":456,"y":588},{"x":458,"y":595},{"x":458,"y":604}],[{"x":518,"y":370},{"x":517,"y":385},{"x":517,"y":398},{"x":515,"y":429},{"x":514,"y":468},{"x":512,"y":487},{"x":511,"y":524},{"x":511,"y":551},{"x":512,"y":561},{"x":517,"y":573}],[{"x":590,"y":340},{"x":584,"y":360},{"x":581,"y":371},{"x":578,"y":406},{"x":576,"y":447},{"x":578,"y":471},{"x":582,"y":518},{"x":588,"y":567},{"x":591,"y":589}],[{"x":936,"y":81},{"x":911,"y":103},{"x":904,"y":111},{"x":884,"y":125},{"x":868,"y":142},{"x":861,"y":151},{"x":849,"y":165},{"x":844,