{"xdata":[0,0.10101010101010101,0.20202020202020202,0.30303030303030304,0.40404040404040403,0.5050505050505051,0.6060606060606061,0.7070707070707071,0.8080808080808081,0.9090909090909091,1.0101010101010102,1.1111111111111112,1.2121212121212122,1.3131313131313131,1.4141414141414141,1.5151515151515151,1.6161616161616161,1.7171717171717171,1.8181818181818181,1.9191919191919191,2.0202020202020203,2.121212121212121,2.2222222222222223,2.323232323232323,2.4242424242424243,2.525252525252525,2.6262626262626263,2.727272727272727,2.8282828282828283,2.929292929292929,3.0303030303030303,3.131313131313131,3.2323232323232323,3.3333333333333335,3.4343434343434343,3.5353535353535355,3.6363636363636362,3.7373737373737375,3.8383838383838382,3.9393939393939394,4.040404040404041,4.141414141414141,4.242424242424242,4.343434343434343,4.444444444444445,4.545454545454545,4.646464646464646,4.747474747474747,4.848484848484849,4.94949494949495,5.05050505050505,5.151515151515151,5.252525252525253,5.353535353535354,5.454545454545454,5.555555555555555,5.656565656565657,5.757575757575758,5.858585858585858,5.959595959595959,6.0606060606060606,6.161616161616162,6.262626262626262,6.363636363636363,6.4646464646464645,6.565656565656566,6.666666666666667,6.767676767676767,6.8686868686868685,6.96969696969697,7.070707070707071,7.171717171717171,7.2727272727272725,7.373737373737374,7.474747474747475,7.575757575757575,7.6767676767676765,7.777777777777778,7.878787878787879,7.979797979797979,8.080808080808081,8.181818181818182,8.282828282828282,8.383838383838384,8.484848484848484,8.585858585858587,8.686868686868687,8.787878787878787,8.88888888888889,8.98989898989899,9.09090909090909,9.191919191919192,9.292929292929292,9.393939393939394,9.494949494949495,9.595959595959595,9.696969696969697,9.797979797979798,9.8989898989899,10],"ydata":[0.02868044319664306,0.08977443156144821,0.22343024912426984,0.4051755973341054,0.3910990358190296,0.5063570198807749,0.7137561017864132,0.7630339169130641,0.5715462385293928,0.7469993769411064,0.832238149672612,1.0273290383533327,0.9958474383632931,1.1067018908215043,0.9731679535173873,0.9543860384024903,1.0269269909673786,0.8386114602028342,1.0913243316011767,0.8655114795804312,0.896021025763025,1.0696896907165916,0.7771305014563898,0.6905223071161389,0.5652800272178824,0.2968664858009215,0.6388659628834286,0.2634279325528427,0.2652254556494866,0.1598412537563998,0.06486576265483106,0.02586577052441806,0.00571760490447748,-0.16062102228854236,-0.2549138876856847,-0.33435047140751023,-0.3681994555853885,-0.538003198823322,-0.623939937247751,-0.7669869317343415,-0.6670162686100617,-0.8346812281475516,-0.9782526874522173,-0.9124047962886775,-0.8081904322950983,-1.0116799942657568,-0.98657238932565,-0.8957893477851445,-0.9927554665385938,-0.9229290056961859,-1.0381019580049455,-0.8802438411297214,-0.6917291630441328,-0.8026137105849637,-0.6615598128911809,-0.7620558536202166,-0.7169879874575213,-0.43540840069577125,-0.4925010476070203,-0.3486131211793257,-0.27747508248595115,-0.31667726452947015,-0.00981585256364252,0.029465123693615716,0.17504259178195436,0.417063815784346,0.30510230527318305,0.38106410623639675,0.5309894046977817,0.7606801207834823,0.5847935680183278,0.5713911127837615,0.8141397630639942,0.80014471021219,1.0732863789665978,1.1665268224496634,0.9059069665201027,1.0001685573671792,1.011051852565645,0.8356098479024803,0.9572693090068263,1.0113613148459653,1.0797783687474902,0.8219544197256088,0.6806232473418006,0.6971845947439904,0.6075300843769803,0.5851673278440799,0.5294445831879597,0.5369600806390906,0.4627903864384223,0.39214619090753133,-0.1619849459118694,-0.022889435332465128,-0.046686877627649,-0.20506433594399687,-0.05359242985543389,-0.4135365737568914,-0.4517921947081655,-0.4560838096445889],"timestamp":"1782000863","xlabel":"x","ylabel":"y","ymin":-1.2,"ymax":1.2,"icon":{"type":"icon","message":"dirt wizard","lat":40,"lon":-105,"brush_strokes":[[{"x":426,"y":766},{"x":426,"y":766},{"x":404,"y":767},{"x":394,"y":766},{"x":369,"y":761},{"x":342,"y":755},{"x":329,"y":751},{"x":299,"y":739},{"x":271,"y":724},{"x":256,"y":717},{"x":229,"y":696},{"x":204,"y":671},{"x":194,"y":657},{"x":173,"y":625},{"x":164,"y":606},{"x":151,"y":563},{"x":142,"y":517},{"x":138,"y":494},{"x":135,"y":447},{"x":135,"y":401},{"x":139,"y":354},{"x":142,"y":330},{"x":155,"y":285},{"x":173,"y":244},{"x":183,"y":225},{"x":212,"y":189},{"x":228,"y":174},{"x":263,"y":148},{"x":305,"y":128},{"x":327,"y":121},{"x":375,"y":111},{"x":424,"y":111},{"x":449,"y":112},{"x":501,"y":121},{"x":552,"y":139},{"x":603,"y":164},{"x":627,"y":179},{"x":671,"y":214},{"x":710,"y":254},{"x":727,"y":275},{"x":760,"y":320},{"x":788,"y":365},{"x":798,"y":389},{"x":815,"y":434},{"x":821,"y":480},{"x":821,"y":502},{"x":815,"y":546},{"x":798,"y":589},{"x":788,"y":610},{"x":760,"y":651},{"x":726,"y":689},{"x":708,"y":706},{"x":667,"y":740},{"x":621,"y":772},{"x":595,"y":785},{"x":547,"y":810},{"x":520,"y":819},{"x":467,"y":826},{"x":413,"y":825},{"x":388,"y":822},{"x":336,"y":807},{"x":287,"y":783},{"x":263,"y":767},{"x":218,"y":730},{"x":175,"y":683},{"x":155,"y":656},{"x":124,"y":603},{"x":100,"y":543},{"x":92,"y":481},{"x":92,"y":448},{"x":103,"y":380},{"x":130,"y":312},{"x":148,"y":281},{"x":191,"y":220},{"x":247,"y":173},{"x":278,"y":152},{"x":342,"y":121},{"x":409,"y":106},{"x":443,"y":102},{"x":512,"y":106},{"x":582,"y":124},{"x":615,"y":139},{"x":677,"y":183},{"x":732,"y":241},{"x":754,"y":275},{"x":791,"y":351},{"x":813,"y":431},{"x":818,"y":469},{"x":816,"y":548},{"x":797,"y":623},{"x":784,"y":657},{"x":742,"y":721},{"x":689,"y":776},{"x":656,"y":798},{"x":588,"y":834},{"x":518,"y":855},{"x":484,"y":857},{"x":413,"y":853},{"x":348,"y":829},{"x":318,"y":812},{"x":265,"y":763},{"x":223,"y":697},{"x":206,"y":660},{"x":182,"y":576},{"x":172,"y":481},{"x":172,"y":432},{"x":189,"y":337},{"x":225,"y":253},{"x":247,"y":217},{"x":301,"y":157},{"x":364,"y":114},{"x":400,"y":97},{"x":475,"y":79},{"x":552,"y":84},{"x":590,"y":93},{"x":661,"y":127},{"x":727,"y":176},{"x":757,"y":205},{"x":807,"y":277},{"x":838,"y":357},{"x":846,"y":398},{"x":844,"y":483},{"x":822,"y":564},{"x":804,"y":601},{"x":758,"y":669},{"x":702,"y":724},{"x":670,"y":748},{"x":604,"y":783},{"x":542,"y":804},{"x":511,"y":809},{"x":455,"y":810},{"x":404,"y":798},{"x":385,"y":791},{"x":355,"y":773},{"x":333,"y":749},{"x":326,"y":733}],[{"x":389,"y":569},{"x":373,"y":566},{"x":355,"y":557},{"x":336,"y":540},{"x":330,"y":530},{"x":320,"y":506},{"x":315,"y":481},{"x":317,"y":468},{"x":321,"y":441},{"x":327,"y":429},{"x":345,"y":406},{"x":372,"y":389},{"x":404,"y":379},{"x":421,"y":376},{"x":458,"y":382},{"x":496,"y":395},{"x":515,"y":407},{"x":547,"y":435},{"x":566,"y":471},{"x":570,"y":490},{"x":567,"y":527},{"x":548,"y":561},{"x":535,"y":573},{"x":501,"y":595},{"x":459,"y":607},{"x":437,"y":609},{"x":395,"y":604},{"x":358,"y":586},{"x":342,"y":573},{"x":318,"y":540},{"x":306,"y":500},{"x":305,"y":480},{"x":312,"y":438},{"x":333,"y":401},{"x":349,"y":385},{"x":389,"y":360},{"x":437,"y":348},{"x":462,"y":348},{"x":512,"y":357},{"x":552,"y":382},{"x":567,"y":400},{"x":582,"y":443},{"x":576,"y":491},{"x":569,"y":517},{"x":539,"y":564},{"x":499,"y":603},{"x":475,"y":616},{"x":429,"y":631},{"x":385,"y":625},{"x":366,"y":616},{"x":336,"y":588},{"x":317,"y":546},{"x":314,"y":523},{"x":314,"y":474},{"x":327,"y":425},{"x":341,"y":404},{"x":375,"y":370},{"x":419,"y":354},{"x":444,"y":354},{"x":493,"y":364},{"x":533,"y":395},{"x":549,"y":414},{"x":569,"y":466}]]},"filename":"data/data-1782000863.json","plotname":"plots/plot-1782000863.png","origin":"icon.html"}