{"xdata":[0,0.10101010101010101,0.20202020202020202,0.30303030303030304,0.40404040404040403,0.5050505050505051,0.6060606060606061,0.7070707070707071,0.8080808080808081,0.9090909090909091,1.0101010101010102,1.1111111111111112,1.2121212121212122,1.3131313131313131,1.4141414141414141,1.5151515151515151,1.6161616161616161,1.7171717171717171,1.8181818181818181,1.9191919191919191,2.0202020202020203,2.121212121212121,2.2222222222222223,2.323232323232323,2.4242424242424243,2.525252525252525,2.6262626262626263,2.727272727272727,2.8282828282828283,2.929292929292929,3.0303030303030303,3.131313131313131,3.2323232323232323,3.3333333333333335,3.4343434343434343,3.5353535353535355,3.6363636363636362,3.7373737373737375,3.8383838383838382,3.9393939393939394,4.040404040404041,4.141414141414141,4.242424242424242,4.343434343434343,4.444444444444445,4.545454545454545,4.646464646464646,4.747474747474747,4.848484848484849,4.94949494949495,5.05050505050505,5.151515151515151,5.252525252525253,5.353535353535354,5.454545454545454,5.555555555555555,5.656565656565657,5.757575757575758,5.858585858585858,5.959595959595959,6.0606060606060606,6.161616161616162,6.262626262626262,6.363636363636363,6.4646464646464645,6.565656565656566,6.666666666666667,6.767676767676767,6.8686868686868685,6.96969696969697,7.070707070707071,7.171717171717171,7.2727272727272725,7.373737373737374,7.474747474747475,7.575757575757575,7.6767676767676765,7.777777777777778,7.878787878787879,7.979797979797979,8.080808080808081,8.181818181818182,8.282828282828282,8.383838383838384,8.484848484848484,8.585858585858587,8.686868686868687,8.787878787878787,8.88888888888889,8.98989898989899,9.09090909090909,9.191919191919192,9.292929292929292,9.393939393939394,9.494949494949495,9.595959595959595,9.696969696969697,9.797979797979798,9.8989898989899,10],"ydata":[0.07413797805783047,0.02732884214146296,0.2289935885115569,0.4358800037786135,0.4484903658611873,0.41899310085709807,0.3822168488190577,0.5393001561974765,0.7116709802061983,0.7576495871939339,0.8419089257644082,1.041007143842798,0.9122599924565119,0.799334810855893,1.1110549912289158,0.9354848128979208,0.9764795905542089,0.9714670721832135,0.7598430250371582,1.0597078371101079,0.8381293782806433,0.6980975147776264,0.8357523808738495,0.7669041224650017,0.8523640122462057,0.3735295525876167,0.5979783960796962,0.35839076903725836,0.27379638521766825,0.1249440698839327,0.07097091087696321,0.010860585903219753,-0.25407159082625724,-0.10832964706742527,-0.39222275310200216,-0.09884385079406832,-0.621321294772061,-0.7110646122964177,-0.7489412544058173,-0.7615849052003935,-0.6092480264330999,-0.8185376689780804,-0.8648717387089572,-0.9081335255149395,-0.9527094121518008,-1.057327153564085,-1.0986933925297375,-0.8385066632213817,-0.9402385744893769,-1.0289791098520633,-0.9268440776222854,-0.9108519394145963,-1.0292081732304696,-0.6150951338156381,-0.8339220367296429,-0.5523343897308071,-0.6675411081718522,-0.5913502196644799,-0.27884861746593836,-0.1573284424101737,-0.3124657936145713,-0.17643831551425132,-0.0799532514238448,-0.021488677522786034,0.2313377347468983,0.051604629396955176,0.2263253790866148,0.573694949527455,0.6118423872480403,0.7944441871585235,0.5970749522008424,0.7830131187837964,0.9986750488195718,1.0062623756986078,0.9477389768101748,1.107830080499091,0.990453626343611,0.9741377287415498,1.0431242729403745,1.0791807795870272,0.9362485845157319,1.1083744734014347,0.8839552258364233,0.8421449913021186,0.9072431026950178,0.9025562088737098,0.6660914642469766,0.7915242867662355,0.652625388323416,0.6060858455724697,0.3304265921480925,0.2435966962283045,0.1824303213919261,-0.04698534619568227,-0.15914295284877333,-0.2033006437042747,-0.2075772887909563,-0.2116853025720044,-0.3874951966889004,-0.5176848689131733],"timestamp":"1781929606","instrument_control":{"mouse_x":0,"mouse_y":0,"mouse_z":0},"xlabel":"x","ylabel":"y","ymin":-1.2,"ymax":1.2,"filename":"data/data-1781929606.json","plotname":"plots/plot-1781929606.png","origin":"live-web-instrument.html"}